anchor_timestamp,n_images,active_region_id,h15m_C_plus,h15m_M_plus,h15m_X_plus,h15m_max_class,h30m_C_plus,h30m_M_plus,h30m_X_plus,h30m_max_class,h60m_C_plus,h60m_M_plus,h60m_X_plus,h60m_max_class,h360m_C_plus,h360m_M_plus,h360m_X_plus,h360m_max_class,h720m_C_plus,h720m_M_plus,h720m_X_plus,h720m_max_class,h1440m_C_plus,h1440m_M_plus,h1440m_X_plus,h1440m_max_class
2024-10-02T00:00:00+00:00,25,13780,False,False,False,quiet,False,False,False,quiet,False,False,False,quiet,True,True,True,X,True,True,True,X,True,True,True,X
2024-10-02T01:00:00+00:00,25,13780,True,True,True,X,True,True,True,X,True,True,True,X,True,True,True,X,True,True,True,X,True,True,True,X
2024-10-02T02:00:00+00:00,25,13780,False,False,False,quiet,False,False,False,quiet,False,False,False,quiet,True,False,False,C,True,True,False,M,True,True,False,M
2024-10-02T03:00:00+00:00,25,13780,False,False,False,quiet,False,False,False,quiet,False,False,False,quiet,True,False,False,C,True,True,False,M,True,True,False,M
2024-10-02T04:00:00+00:00,25,13780,False,False,False,quiet,False,False,False,quiet,False,False,False,quiet,True,False,False,C,True,True,False,M,True,True,False,M
2024-10-02T05:00:00+00:00,25,13780,False,False,False,quiet,False,False,False,quiet,False,False,False,quiet,True,False,False,C,True,True,False,M,True,True,False,M
2024-10-02T06:00:00+00:00,25,13780,True,False,False,C,True,False,False,C,True,False,False,C,True,True,False,M,True,True,False,M,True,True,False,M
2024-10-02T07:00:00+00:00,25,13780,False,False,False,quiet,False,False,False,quiet,False,False,False,quiet,True,True,False,M,True,True,False,M,True,True,False,M
2024-10-02T08:00:00+00:00,25,13780,False,False,False,quiet,False,False,False,quiet,False,False,False,quiet,True,True,False,M,True,True,False,M,True,True,False,M
2024-10-02T09:00:00+00:00,25,13780,False,False,False,quiet,False,False,False,quiet,False,False,False,quiet,True,True,False,M,True,True,False,M,True,True,False,M
2024-10-02T10:00:00+00:00,25,13780,False,False,False,quiet,False,False,False,quiet,False,False,False,quiet,True,True,False,M,True,True,False,M,True,True,False,M
2024-10-02T11:00:00+00:00,25,13780,True,True,False,M,True,True,False,M,True,True,False,M,True,True,False,M,True,True,False,M,True,True,False,M
2024-10-02T12:00:00+00:00,25,13780,False,False,False,quiet,False,False,False,quiet,False,False,False,quiet,True,True,False,M,True,True,False,M,True,True,False,M
2024-10-02T13:00:00+00:00,25,13780,False,False,False,quiet,False,False,False,quiet,False,False,False,quiet,True,True,False,M,True,True,False,M,True,True,False,M
